id,rating,company_name,website,open_positions_url,hr_platform,no_click,comment,field
,,Litify,https://www.litify.com/,https://job-boards.greenhouse.io/litify/,greenhouse,TRUE,,
,,Canopy,https://www.getcanopy.com/,https://job-boards.greenhouse.io/canopytax/,greenhouse,TRUE,,
,,Resilience,https://cyberresilience.com/,https://job-boards.greenhouse.io/resilience,greenhouse,TRUE,,
,,Halcyon,https://www.halcyon.ai/,https://job-boards.greenhouse.io/halcyon/,greenhouse,TRUE,,
,,Amount,https://www.amount.com/,https://job-boards.greenhouse.io/amount/,greenhouse,TRUE,,
,,Natera,https://www.natera.com/,https://job-boards.greenhouse.io/natera,greenhouse,TRUE,,
,,Bitly,https://bitly.com/,https://job-boards.eu.greenhouse.io/bitly/,greenhouse,TRUE,,
,5,BlueSky,https://bsky.social/,https://bsky.social/about/join,Gem,TRUE,,Social
,5,CarsAndBids,,https://ats.rippling.com/cars-and-bids-job-board/jobs,Rippling,TRUE,,
,5,ConsumerReports,https://www.consumerreports.org/,https://job-boards.greenhouse.io/consumerreports,greenhouse,TRUE,,
,5,1Password,https://1password.com/,https://jobs.ashbyhq.com/1password,Ashby,TRUE,,
,,Abbott,https://abbott.com,https://www.jobs.abbott/us/en/search-results,Custom,FALSE,,
,,AbbVie,https://abbvie.com,https://careers.abbvie.com/en/jobs,Workday,FALSE,,
,,Accenture,https://accenture.com,https://www.accenture.com/us-en/careers/jobsearch,Custom,TRUE,,
,,Accenture Song,https://accenture.com/us-en/about/song-index,https://www.accenture.com/us-en/careers/jobsearch,Custom,TRUE,,
,,Accenture Strategy & Consulting,https://accenture.com,https://www.accenture.com/us-en/careers/jobsearch,Custom,TRUE,,
,,Acronis,https://acronis.com,https://www.acronis.com/en/careers/jobs/,,TRUE,,
,,AgentSync,https://agentsync.io,https://ats.rippling.com/agentsync-careers/jobs,Rippling,TRUE,,
,3,Allstate,https://allstate.com,https://www.allstate.jobs/job-search-results/,Workday,FALSE,,
,5,Amazon,https://amazon.com,https://amazon.jobs/en/search,Custom,FALSE,,
,,Ameriprise Financial Services LLC,https://ameriprise.com,https://careers.ameriprise.com/search-jobs/,Workday,FALSE,,
,,Apex Fintech Solutions,https://apexfintechsolutions.com,https://careers.apexfintechsolutions.com/?size=n_200_n,custom,FALSE,,
,5,Apple,https://apple.com,https://jobs.apple.com/en-us/search,Custom,FALSE,,
,,ATTOM Data Solutions,https://attomdata.com,https://www.attomdata.com/careers/,BambooHR,TRUE,,
,,Avant,https://avant.com,https://avant.wd503.myworkdayjobs.com/External_Careers,Workday,FALSE,,
,,Backbase,https://backbase.com,https://www.backbase.com/careers/jobs,Greenhouse,TRUE,,
,3,Bank of America,https://bankofamerica.com,https://careers.bankofamerica.com/en-us/students/job-search?ref=search&start=0&rows=10&search=getAllJobs,Custom,FALSE,,
,3,Barclays Investment Bank,https://home.barclays,https://search.jobs.barclays/search-jobs?k=&l=&orgIds=13015,Custom,FALSE,,
,,Baxter International Inc.,https://baxter.com,https://jobs.baxter.com/search-jobs,Workday,FALSE,,
,,BCG,https://bcg.com/,https://careers.bcg.com/global/en/c/technology-and-engineering-jobs,Custom,FALSE,,
,,Billtrust,https://billtrust.com,https://www.billtrust.com/careers/,Greenhouse,TRUE,,
,,Bishop Fox,https://bishopfox.com,https://bishopfox.com/careers,Greenhouse,TRUE,,
,3,Bitdefender,https://bitdefender.com,https://bitdefender.csod.com/ux/ats/careersite/1/home?c=bitdefender&country=us&referralToken=sQX4PXaZVkCb6b5ju7Ysyg,Custom,TRUE,,
,,BitMart,https://bitmart.com,https://bitmart.zendesk.com/hc/en-us/sections/10942788355867-Join-Our-Team,Custom,FALSE,,
,4,Bloomerang,https://bloomerang.co,https://bloomerang.co/careers/,Greenhouse,TRUE,,
,3,BMO,https://bmo.com,https://bmo.wd3.myworkdayjobs.com/External,Workday,FALSE,4,
,,Camunda,https://camunda.com,https://camunda.com/careers/all-jobs/,ashby,TRUE,,
,,Candidly,https://getcandidly.com,https://job-boards.greenhouse.io/candidly,Greenhouse,TRUE,,
,2,Capgemini Engineering,https://capgemini.com,https://www.capgemini.com/careers/join-capgemini/job-search/?country_code=en-us&country_name=United%20States&size=550,Custom,TRUE,,
,3,Caterpillar Inc.,https://cat.com,https://careers.caterpillar.com/en/jobs/,Custom,FALSE,,
,,Caylent,https://caylent.com,https://job-boards.greenhouse.io/caylent,Greenhouse,TRUE,,
,,Cboe Global Markets,https://cboe.com,https://careers.cboe.com/us/en/search-results,Workday,FALSE,,
,,CDK Global,https://cdkglobal.com,https://cdk.wd1.myworkdayjobs.com/en-US/CDK,Workday,FALSE,,
,,CEX,https://cex.io,https://cexio.bamboohr.com/careers,bamboohr,TRUE,,
,5,Charles Schwab,https://schwab.com,https://www.schwab.com/careers/job-search,Workday,TRUE,,
,,Cintas,https://cintas.com,https://careers.cintas.com/search-jobs,Workday,FALSE,,
,,Cision,https://cision.com,https://www.cision.com/careers/career-listing/,,TRUE,,
,,Codal,https://codal.com,https://codal.jobs/,Greenhouse,TRUE,,
,,Coder,https://coder.com,https://coder.com/careers,Greenhouse,TRUE,,
,,Commonwealth Bank,https://commbank.com.au,https://cba.wd3.myworkdayjobs.com/CommBank_Careers?locationCountry=d903bb3fedad45039383f6de334ad4db,Workday,FALSE,,
,,CoreLogic,https://corelogic.com,https://www.corelogic.com/careers/,Workday,TRUE,,
,,Credera,https://credera.com,https://www.credera.com/careers/open-positions,Greenhouse,TRUE,,
,,Cyngn,https://cyngn.com,https://www.cyngn.com/careers,Greenhouse,TRUE,,
,,DataArt,https://dataart.com,https://www.dataart.com/open-positions,Custom,TRUE,,
,4,Databricks,https://databricks.com,https://www.databricks.com/company/careers/open-positions,Greenhouse,TRUE,,
,4,Datadog,https://datadoghq.com,https://careers.datadoghq.com/all-jobs/?region_Americas%5B0%5D=Americas,,FALSE,,
,,DataRobot,https://datarobot.com,https://www.datarobot.com/careers/,Greenhouse,TRUE,,
,,DataSnipper,https://datasnipper.com,https://careers.datasnipper.com/job-listing,Ashby,TRUE,,
,,Deel,https://deel.com,https://www.deel.com/careers,Greenhouse,TRUE,,
,2,Deloitte,https://deloitte.com,https://apply.deloitte.com/en_US/careers/SearchJobs/?listFilterMode=1&jobRecordsPerPage=10&sort=relevancy,Custom,TRUE,,
,,DePaul University,https://depaul.edu,https://jobs.depaul.edu/postings/search,Custom,TRUE,,
,,DeVry University,https://devry.edu,https://jobs.dayforcehcm.com/devry/CANDIDATEPORTAL,Custom,FALSE,,
,5,DigitalOcean,https://digitalocean.com,https://www.digitalocean.com/careers/open-roles?query=,Greenhouse,FALSE,,
,,Digitas North America,https://digitas.com,https://www.digitas.com/en-us/careers,Greenhouse,TRUE,,
,,Direct Supply,https://directsupply.com,https://directsupply.wd501.myworkdayjobs.com/direct-supply-careers,Workday,FALSE,,
,1,DMI,https://dminc.com,https://careers-dminc.icims.com/jobs/search?ss=1&hashed=-435685793&mobile=false&width=1664&height=1000&bga=true&needsRedirect=false&jan1offset=-360&jun1offset=-300,Greenhouse,FALSE,,
,4,DocuSign,https://docusign.com,https://careers.docusign.com/jobs,Workday,FALSE,,
,5,eBay,https://ebay.com,https://jobs.ebayinc.com/us/en/search-results,Custom,FALSE,,
,,Encora Inc.,https://encora.com,https://careers.encora.com/search,Greenhouse,TRUE,,
,,Equitable Bank,https://eqbank.ca,https://jobs.lever.co/eqbank,lever,TRUE,,
,,eToro,https://etoro.com,https://www.etoro.com/careers/,Greenhouse,TRUE,,
,5,Etsy,https://etsy.com,https://careers.etsy.com/jobs/search?query=,Greenhouse,FALSE,,
,5,Experian,https://experian.com,https://jobs.experian.com/jobs,Workday,FALSE,,
,3,Farmers Insurance,https://farmers.com,https://jobs.farmersinsurance.com/search/?searchby=location&createNewAlert=false&q=&locationsearch=&geolocation=&optionsFacetsDD_shifttype=&optionsFacetsDD_department=,Workday,FALSE,,
,,Figment,https://figment.io,https://job-boards.greenhouse.io/figment,Greenhouse,TRUE,,
,,Fivetran,https://fivetran.com,https://www.fivetran.com/careers,Greenhouse,TRUE,,
,3,Floor & Decor,https://flooranddecor.com,https://www.flooranddecor.com/careers.html,Workday,,broken - HTTP 404,
,,Follett School Solutions,https://follettlearning.com,https://follettlearning.com/about/careers/,iCIMS,,broken - HTTP 404,
,3,Follett Software,https://follettlearning.com,https://follettlearning.com/about/careers/,iCIMS,,broken - HTTP 404,
,,Front,https://front.com,https://front.com/company/careers,Greenhouse,,broken - HTTP 404,
,,General Motors,https://gm.com,https://search-careers.gm.com/en/jobs/,Workday,FALSE,,
,5,Google,https://google.com,https://careers.google.com/jobs/results/,Custom,TRUE,,
,,GR8 Tech,https://gr8.tech,https://gr8.tech/vacancies/,Custom,TRUE,,
,,Grafana Labs,https://grafana.com,https://grafana.com/about/careers/,Greenhouse,TRUE,,
,,GridX Inc,https://gridx.com,https://gridx.com/careers/,Greenhouse,TRUE,,
,,Guaranteed Rate,https://rate.com,https://www.rate.com/careers/job-openings,Workday,,broken - HTTP 404,
,,GuideStone Financial Resources,https://guidestone.org,https://www.guidestone.org/About-Us/Careers,Custom,TRUE,,
,,Hagerty,https://hagerty.com,https://www.hagerty.com/corporate/careers/job-listings,Greenhouse,,broken - HTTP 404,
,,Handshake,https://joinhandshake.com,https://joinhandshake.com/careers/,Greenhouse,TRUE,,
,,Hireology,https://hireology.com,https://www.hireology.com/careers/,Custom,TRUE,,
,5,Home Chef,https://homechef.com,https://www.homechef.com/careers,Greenhouse,TRUE,,
,,Honeywell,https://honeywell.com,https://careers.honeywell.com/en/sites/Honeywell/jobs?mode=location,Phenom,FALSE,broken - Page.goto: net::ERR_HTTP2_PROTOCOL_ERROR at https://careers.honeywell.com/en/sit,
,,Hudl,https://hudl.com,https://www.hudl.com/jobs,Greenhouse,TRUE,,
,5,IBM,https://ibm.com,https://www.ibm.com/careers/search,Custom,FALSE,,
,5,ICANN,https://icann.org,https://www.icann.org/en/icann-careers,Custom,,broken - HTTP 404,
,3,IdeaSoft,https://ideasoft.io,https://ideasoft.io/careers/,Custom,TRUE,,
,5,IKEA,https://ikea.com,https://www.seeacareerwithus.com/search-jobs#search-results,Custom,FALSE,,
,,Imprivata,https://imprivata.com,https://www.imprivata.com/company/careers/,Greenhouse,TRUE,,
,,Indeed,https://indeed.com,https://indeed.com/cmp/Indeed/jobs,Custom,TRUE,,
,,Infosys,https://infosys.com,https://career.infosys.com/joblist,Custom,TRUE,,
,,Innovecs,https://innovecs.com,https://jobs.innovecs.com/vacancies/,Custom,TRUE,,
,,Inovalon,https://inovalon.com,https://www.inovalon.com/careers/,Workday,TRUE,,
,,IQVIA,https://iqvia.com,https://jobs.iqvia.com/search-jobs,Custom,TRUE,,
,,Itransition Group,https://itransition.com,https://www.itransition.com/careers/jobs,Custom,,broken - HTTP 404,
,5,JPMorgan Chase & Co.,https://jpmorganchase.com,https://careers.jpmorgan.com/us/en/jobs,Custom,FALSE,,
,,Kapowai,https://kapowai.com,https://www.kapowai.com/careers,Custom,,broken - HTTP 404,
,2,kCura,https://relativity.com,https://www.relativity.com/careers/open-positions/,Greenhouse,TRUE,,
,,Kemper,https://kemper.com,https://careers.kemper.com/search-jobs,Workday,,broken - HTTP 404,
,,Kirkland & Ellis,https://kirkland.com,https://www.kirkland.com/careers/career-opportunities,Custom,,broken - HTTP 404,
,3,Kohler Co.,https://kohler.com,https://careers.kohler.com/search-jobs,Workday,,broken - HTTP 404,
,,Kubeshark,https://kubeshark.co,https://www.linkedin.com/company/kubeshark/jobs/,LinkedIn,TRUE,,
,,KUBRA,https://kubra.com,https://jobs.lever.co/kubra,Lever,TRUE,,
,5,Lam Research,https://lamresearch.com,https://careers.lamresearch.com/search/,Workday,TRUE,,
,2,LaSalle Network,https://thelasallenetwork.com,https://www.thelasallenetwork.com/jobs/,Custom,TRUE,,
,,LaunchDarkly,https://launchdarkly.com,https://launchdarkly.com/careers/,Greenhouse,TRUE,,
,5,Lenovo,https://lenovo.com,https://jobs.lenovo.com/en_US/careers/SearchJobs,Workday,FALSE,,
,5,LinkedIn,https://linkedin.com,https://careers.linkedin.com/,Custom,TRUE,,
,3,Little Caesars Pizza,https://littlecaesars.com,https://careersatilitchcompanies.com/en-us/job-search,iCIMS,FALSE,,
,,Loadmill,https://loadmill.com,https://saucelabs.com/careers,Greenhouse,TRUE,,
,,LogicMonitor,https://logicmonitor.com,https://www.logicmonitor.com/careers,Greenhouse,TRUE,,
,,Maltego Technologies,https://maltego.com,https://maltego.com/jobs/,Ashby,TRUE,,
,5,Mastercard,https://mastercard.com,https://careers.mastercard.com/us/en/search-results,Workday,FALSE,,
,,Maveris,https://maveris.com,https://maveris.com/careers/,Greenhouse,,broken - HTTP 403,
,5,McDonald's,https://mcdonalds.com,https://careers.mcdonalds.com/corporate/jobs/,Workday,,broken - HTTP 404,
,,McKinsey & Company,https://mckinsey.com,https://www.mckinsey.com/careers/search-jobs,Custom,,broken - Page.goto: net::ERR_HTTP2_PROTOCOL_ERROR at https://www.mckinsey.com/careers/sea,
,5,Meta,https://meta.com,https://www.metacareers.com/jobs/,Custom,TRUE,,
,,Mezmo,https://mezmo.com,https://www.mezmo.com/career,Greenhouse,TRUE,,
,5,Microsoft,https://microsoft.com,https://apply.careers.microsoft.com/careers?,Custom,TRUE,,
,5,MongoDB,https://mongodb.com,https://www.mongodb.com/careers/opportunities,Greenhouse,,broken - HTTP 503,
,5,Morgan Stanley,https://morganstanley.com,https://www.morganstanley.com/careers/career-opportunities-search?opportunity=sg,Custom,FALSE,broken - Page.goto: net::ERR_HTTP2_PROTOCOL_ERROR at https://www.morganstanley.com/career,
,5,Morningstar,https://morningstar.com,https://www.morningstar.com/company/careers/job-openings,Workday,,broken - HTTP 404,
,,N-iX,https://n-ix.com,https://www.n-ix.com/career/,Custom,TRUE,,
,,Netflix,https://netflix.com,https://jobs.netflix.com/search,Custom,,broken - HTTP 404,
,,NMI,https://nmi.com,https://nmi.com/company/careers/,Greenhouse,TRUE,,
,5,NVIDIA,https://nvidia.com,https://nvidia.wd5.myworkdayjobs.com/NVIDIAExternalCareerSite,Workday,FALSE,,
,5,Okta,https://okta.com,https://www.okta.com/company/careers/,Greenhouse,TRUE,,
,,OLX Group,https://olxgroup.com,https://www.olxgroup.com/open-positions,Greenhouse,,broken - HTTP 404,
,,OpenBet,https://openbet.com,https://www.openbet.com/careers/,Workday,FALSE,,
,5,Oracle,https://oracle.com,https://careers.oracle.com/jobs/,Taleo,FALSE,,
,3,Paylocity,https://paylocity.com,https://www.paylocity.com/careers/career-openings/,Greenhouse,,broken - HTTP 404,
,,Perchwell,https://perchwell.com,https://jobs.ashbyhq.com/Perchwell,Ashby,TRUE,,
,,Perforce Software,https://perforce.com,https://www.perforce.com/careers/open-positions,Greenhouse,,broken - HTTP 404,
,,Performio,https://performio.co,https://www.performio.co/careers/,Greenhouse,TRUE,,
,,Planning Center,https://planning.center,https://www.planning.center/careers,Greenhouse,TRUE,,
,3,Princess Cruises,https://princess.com,https://eicl.fa.em5.oraclecloud.com/hcmUI/CandidateExperience/en/sites/HAGroup/jobs?mode=location,,FALSE,,
,,Procentia,https://procentia.com,https://www.procentia.com/careers/,Custom,,broken - HTTP 502,
,,Proposify,https://proposify.com,https://www.proposify.com/careers,Lever,,broken - HTTP 404,
,,PwC,https://pwc.com,https://www.pwc.com/us/en/careers/job-search.html,Workday,,broken - HTTP 404,
,5,Qualcomm,https://qualcomm.com,https://careers.qualcomm.com/careers/search,Workday,TRUE,,
,,Rachio,https://rachio.com,https://rachio.com/pages/careers,Greenhouse,,broken - HTTP 404,
,,Randstad Digital,https://randstad.com,https://www.randstaddigital.com/en-us/careers/,Custom,,broken - HTTP 404,
,5,Redfin,https://redfin.com,https://www.redfin.com/about/jobs,Greenhouse,TRUE,,
,2,Relativity,https://relativity.com,https://www.relativity.com/careers/open-positions/,Greenhouse,TRUE,,
,,Remote,https://remote.com,https://remote.com/careers,Greenhouse,TRUE,,
,,RevenueWell,https://revenuewell.com,https://www.revenuewell.com/careers/,Greenhouse,TRUE,,
,,Rio Tinto,https://riotinto.com,https://www.riotinto.com/en/careers/job-search,Custom,TRUE,,
,,Riot Games,https://riotgames.com,https://www.riotgames.com/en/work-with-us/jobs,Lever,TRUE,,
,2,Rise Interactive,https://riseinteractive.com,"https://www.bequad.com/search-jobs?acm=ALL&alrpm=ALL&ascf=[%7B%22key%22:%22company_name%22,%22value%22:%22Rise%22%7D]",,TRUE,,
,,Robert Half,https://roberthalf.com,https://www.roberthalf.com/us/en/jobs,Custom,FALSE,,
,,Rocket Lawyer,https://rocketlawyer.com,https://www.rocketlawyer.com/about/careers,Greenhouse,,broken - HTTP 404,
,5,Rocket Money,https://rocketmoney.com,https://www.rocketmoney.com/careers,Greenhouse,TRUE,,
,,RSM,https://rsmus.com,https://rsmus.com/careers/search.html,Workday,,broken - HTTP 404,
,,Ryerson,https://ryerson.com,https://ryerson.wd5.myworkdayjobs.com/Ryerson,Workday,,broken - HTTP 500,
,5,Salesforce,https://salesforce.com,https://careers.salesforce.com/en/jobs/,Custom,TRUE,,
,,Santa Monica Studio,https://sms.playstation.com,https://sms.playstation.com/careers,Workday,TRUE,,
,,Scopic,https://scopicsoftware.com,https://scopicsoftware.com/careers/,Custom,TRUE,,
,,Scotiabank,https://scotiabank.com,https://jobs.scotiabank.com/search/,Custom,FALSE,,
,,SES Satellites,https://ses.com,https://www.ses.com/careers/find-a-job,Workday,,broken - HTTP 404,
,5,Shopify,https://shopify.com,https://www.shopify.com/careers/search,Greenhouse,TRUE,,
,,Sidley Austin LLP,https://sidley.com,https://www.sidley.com/en/us/careers/staff/open-positions,Custom,,broken - HTTP 404,
,,Slalom,https://slalom.com,https://www.slalom.com/us/en/careers/search-jobs,Workday,,broken - HTTP 404,
,,SmartBear,https://smartbear.com,https://smartbear.com/about/careers/open-positions/,Greenhouse,,broken - HTTP 404,
,4,"Sprout Social, Inc.",https://sproutsocial.com,https://sproutsocial.com/careers/,Greenhouse,TRUE,,
,,Starburst,https://starburst.io,https://www.starburst.io/careers/open-roles/,Greenhouse,TRUE,,
,,Strata Decision Technology,https://stratadecision.com,https://job-boards.greenhouse.io/stratacareers,Greenhouse,TRUE,,
,5,Stripe,https://stripe.com,https://stripe.com/jobs/search,Custom,FALSE,,
,3,Superhuman,https://superhuman.com,https://superhuman.com/careers,Greenhouse,FALSE,,
,,Sutherland,https://sutherlandglobal.com,https://www.jobs.sutherlandglobal.com/job-results#/,iCIMS,FALSE,,
,,Sweetwater,https://sweetwater.com,https://careers.sweetwater.com/us/en/c/technology-jobs,Custom,TRUE,,
,,Tamnoon,https://tamnoon.io,https://apply.workable.com/tamnoon-dot-i-o/,Workable,TRUE,,
,,TaskRabbit,https://taskrabbit.com,https://www.taskrabbit.com/careers,Greenhouse,TRUE,,
,,tastytrade,https://tastytrade.com,https://tastytrade.com/careers/,Greenhouse,TRUE,,
,3,TDK Corporation of America,https://tdk.com,https://www.tdk.com/en/careers/job_opportunities/index.html,Custom,FALSE,broken - Page.goto: net::ERR_HTTP2_PROTOCOL_ERROR at https://www.tdk.com/en/careers/job_o,
,,Teachers Pay Teachers,https://teacherspayteachers.com,https://www.teacherspayteachers.com/Careers,Greenhouse,TRUE,,
,,Tekmetric,https://tekmetric.com,https://www.tekmetric.com/careers/open-roles,Greenhouse,,broken - HTTP 404,
,2,TenantCloud,https://tenantcloud.com,https://tenantcloud.com/careers/,Custom,,broken - HTTP 404,
,,testomat.io,https://testomat.io,https://jobs.dou.ua/companies/testomat-io/vacancies/,Custom,,broken - HTTP 404,
,,Thoughtworks,https://thoughtworks.com,https://www.thoughtworks.com/en-us/careers/jobs,Custom,TRUE,,
,,Tock,https://exploretock.com,https://boards.greenhouse.io/tock,Greenhouse,,broken - HTTP 404,
,,Trading Technologies,https://tradingtechnologies.com,https://www.tradingtechnologies.com/about/careers/,Greenhouse,TRUE,,
,,Transwestern,https://transwestern.com,https://www.transwestern.com/careers/,Custom,TRUE,,
,5,Trend Micro,https://trendmicro.com,https://www.trendmicro.com/en_us/about/careers.html,Workday,TRUE,,
,5,U.S. Bank,https://usbank.com,https://careers.usbank.com/global/en/search-results,Workday,FALSE,,
,4,Uber,https://uber.com,https://www.uber.com/us/en/careers/list/,Custom,TRUE,,
,,Unite Us,https://uniteus.com,https://uniteus.com/about/careers/,Greenhouse,,broken - HTTP 404,
,5,United Airlines,https://united.com,https://careers.united.com/us/en/search-results,Custom,FALSE,,
,5,University of Illinois Urbana-Champaign,https://illinois.edu,https://jobs.illinois.edu/academic-job-board/job-board,Custom,,broken - HTTP 500,
,5,Upwork,https://upwork.com,https://www.upwork.com/careers,Greenhouse,TRUE,,
,,Valtech,https://valtech.com,https://www.valtech.com/en/careers/jobs/,Custom,,broken - HTTP 404,
,,VCA Animal Hospitals,https://vcahospitals.com,https://www.vcacareers.com/global/en/search-results?,Workday,FALSE,,
,,VelocityEHS,https://velocityehs.com,https://www.ehs.com/about-us/careers/open-positions/,Greenhouse,TRUE,,
,,Vend,https://vendhq.com,https://www.vendhq.com/company/careers/,Greenhouse,TRUE,,
,,Vibes,https://vibes.com,https://www.vibes.com/careers/,Greenhouse,TRUE,,
,,VillageMD,https://villagemd.com,https://www.villagemd.com/careers/,Greenhouse,TRUE,,
,,Vistex,https://vistex.com,https://www.vistex.com/company/careers/,Greenhouse,,broken - HTTP 404,
,1,Vivid Seats LLC,https://vividseats.com,https://www.vividseats.com/careers,Greenhouse,TRUE,,
,,VML Enterprise Solutions,https://vml.com,https://www.vml.com/en-us/work/careers,Custom,,broken - HTTP 404,
,,Warner Bros. Discovery,https://wbd.com,https://careers.wbd.com/global/en/search-results,Workday,FALSE,,
,,Webflow,https://webflow.com,https://webflow.com/careers,Greenhouse,TRUE,,
,3,Wells Fargo,https://wellsfargo.com,https://www.wellsfargo.com/about/careers/search/,Workday,,broken - HTTP 404,
,,WEZOM,https://wezom.com,https://wezom.com/en/careers/,Custom,,broken - HTTP 404,
,,Wipfli,https://wipfli.com,https://www.wipfli.com/careers/open-positions,Custom,,broken - error page (404 - Wipfli),
,,Wirex,https://wirexapp.com,https://wirexapp.com/about/careers,Greenhouse,,broken - HTTP 404,
,5,WordPress,https://wordpress.com,https://automattic.com/work-with-us/,Custom,TRUE,,
,,Worldline,https://worldline.com,https://jobs.worldline.com/search/?q=&locationsearch=&searchResultView=LIST,Custom,FALSE,,
,,XPO,https://xpo.com,https://jobs.xpo.com/search-jobs,Custom,FALSE,,
,,Yello.co,https://yello.co,https://yello.co/careers/,Greenhouse,TRUE,,
,5,Yum! Brands,https://yum.com,https://jobs.yum.com/?size=n_250_n,Workday,FALSE,,
,,Zensar Technologies,https://zensar.com,https://www.zensar.com/careers/,Custom,TRUE,,
,,Zip Co,https://zip.co,https://zip.co/careers/roles?loc=united-states,Greenhouse,TRUE,,
,,A1 Garage Door Service,a1garage.com,https://jobs.ashbyhq.com/A1%20Garage%20Door%20Service,Ashby,TRUE,,
,,Abridge,abridge.com,https://jobs.ashbyhq.com/abridge,Ashby,TRUE,,
,5,Airtable,airtable.com,https://jobs.ashbyhq.com/airtable,Ashby,TRUE,,
,,Alan,alan.com,https://jobs.ashbyhq.com/alan,Ashby,TRUE,,
,,Altura,altura.io,https://jobs.ashbyhq.com/altura,Ashby,TRUE,,
,,amo,amo.co,https://jobs.ashbyhq.com/amo,Ashby,TRUE,,
,,Anyscale,anyscale.com,https://jobs.ashbyhq.com/anyscale,Ashby,TRUE,,
,,Arena Intelligence (LM Arena),lmarena.ai,https://jobs.ashbyhq.com/lmarena,Ashby,TRUE,,
,,Aurora Solar,aurorasolar.com,https://jobs.ashbyhq.com/aurorasolar,Ashby,TRUE,,
,,Avid4 Adventure,avid4.com,https://jobs.ashbyhq.com/avid4,Ashby,TRUE,,
,,Away,awaytravel.com,https://jobs.ashbyhq.com/away,Ashby,TRUE,,
,,Axion Ray,axionray.com,https://jobs.ashbyhq.com/axionray,Ashby,TRUE,,
,,Axle Energy,axle.energy,https://jobs.ashbyhq.com/axle-careers,Ashby,TRUE,,
,,Brigit,brigit.com,https://jobs.ashbyhq.com/brigit,Ashby,TRUE,,
,,Brightline,hellobrightline.com,https://jobs.ashbyhq.com/hellobrightline,Ashby,TRUE,,
,,Candid Health,candidhealth.com,https://jobs.ashbyhq.com/candidhealth,Ashby,TRUE,,
,,Civic Roundtable,civicroundtable.com,https://jobs.ashbyhq.com/Civic%20Roundtable,Ashby,TRUE,,
,,Clay,clay.com,https://jobs.ashbyhq.com/claylabs,Ashby,TRUE,,
,,Clipboard Health,clipboardhealth.com,https://jobs.ashbyhq.com/clipboard,Ashby,TRUE,,
,,Coder,coder.com,https://jobs.ashbyhq.com/coder,Ashby,TRUE,,
,,Cognition (Devin AI),cognition.ai,https://jobs.ashbyhq.com/cognition,Ashby,TRUE,,
,,Cohere,cohere.com,https://jobs.ashbyhq.com/cohere,Ashby,TRUE,,
,,CoinTracker,cointracker.io,https://jobs.ashbyhq.com/cointracker,Ashby,TRUE,,
,,Convictional,convictional.com,https://jobs.ashbyhq.com/convictional,Ashby,TRUE,,
,,Costanoa Ventures,costanoaventures.com,https://jobs.ashbyhq.com/costanoavc,Ashby,TRUE,,
,,Cryptio,cryptio.co,https://jobs.ashbyhq.com/cryptio,Ashby,TRUE,,
,,Cursor,cursor.com,https://jobs.ashbyhq.com/cursor,Ashby,TRUE,,
,,Dave,dave.com,https://jobs.ashbyhq.com/dave,Ashby,TRUE,,
,,Decimal,decimal.com,https://jobs.ashbyhq.com/decimal,Ashby,TRUE,,
,5,Deel,deel.com,https://jobs.ashbyhq.com/deel,Ashby,TRUE,,
,,Deliveroo,deliveroo.co.uk,https://jobs.ashbyhq.com/deliveroo,Ashby,TRUE,,
,5,DuckDuckGo,duckduckgo.com,https://jobs.ashbyhq.com/duck-duck-go,Ashby,TRUE,,
,3,Eight Sleep,eightsleep.com,https://jobs.ashbyhq.com/eightsleep,Ashby,TRUE,,
,,Filed,filed.com,https://jobs.ashbyhq.com/filed,Ashby,TRUE,,
,1,Flock Safety,flocksafety.com,https://jobs.ashbyhq.com/Flock%20Safety,Ashby,TRUE,,
,,Form Energy,formenergy.com,https://jobs.ashbyhq.com/formenergy,Ashby,TRUE,,
,,FullStory,fullstory.com,https://jobs.ashbyhq.com/fullstory,Ashby,TRUE,,
,,G2i,g2i.co,https://jobs.ashbyhq.com/g2i,Ashby,TRUE,,
,,GameChanger,gc.com,https://jobs.ashbyhq.com/gamechanger,Ashby,TRUE,,
,,Gorgias,gorgias.com,https://jobs.ashbyhq.com/gorgias,Ashby,TRUE,,
,,H Company,hcompany.ai,https://jobs.ashbyhq.com/hcompany,Ashby,TRUE,,
,,HackerOne,hackerone.com,https://jobs.ashbyhq.com/hackerone,Ashby,TRUE,,
,,Harvey,harvey.ai,https://jobs.ashbyhq.com/harvey,Ashby,TRUE,,
,,Hawk,hawk.ai,https://jobs.ashbyhq.com/hawk,Ashby,TRUE,,
,,Help Scout,helpscout.com,https://jobs.ashbyhq.com/helpscout,Ashby,TRUE,,
,,HomeVision,homevision.co,https://jobs.ashbyhq.com/homevision,Ashby,TRUE,,
,,Hopper,hopper.com,https://jobs.ashbyhq.com/hopper,Ashby,TRUE,,
,,humans&,humansand.ai,https://jobs.ashbyhq.com/humans-and,Ashby,TRUE,,
,,hyperexponential,hyperexponential.com,https://jobs.ashbyhq.com/hyperexponential,Ashby,TRUE,,
,,incident.io,incident.io,https://jobs.ashbyhq.com/incident,Ashby,TRUE,,
,,Infinite Lambda,infinitelambda.com,https://jobs.ashbyhq.com/Infinite%20Lambda,Ashby,TRUE,,
,,Inscribe,inscribe.ai,https://jobs.ashbyhq.com/InscribeAI,Ashby,TRUE,,
,4,Ironclad,ironcladapp.com,https://jobs.ashbyhq.com/ironcladhq,Ashby,TRUE,,
,,January,january.com,https://jobs.ashbyhq.com/january,Ashby,TRUE,,
,,Juniper Square,junipersquare.com,https://jobs.ashbyhq.com/junipersquare,Ashby,TRUE,,
,,Kraken,kraken.com,https://jobs.ashbyhq.com/kraken.com,Ashby,TRUE,,
,,Leapsome,leapsome.com,https://jobs.ashbyhq.com/leapsome,Ashby,TRUE,,
,,Lemonade,lemonade.com,https://jobs.ashbyhq.com/Lemonade,Ashby,TRUE,,
,,Lime,li.me,https://jobs.ashbyhq.com/lime,Ashby,TRUE,,
,,Linear,linear.app,https://jobs.ashbyhq.com/Linear,Ashby,TRUE,,
,,LiveKit,livekit.io,https://jobs.ashbyhq.com/livekit,Ashby,TRUE,,
,,Local Infusion,—,https://jobs.ashbyhq.com/Local%20Infusion,Ashby,TRUE,,
,4,Luma AI,lumalabs.ai,https://jobs.ashbyhq.com/luma-ai,Ashby,TRUE,,
,,Machinify,machinify.com,https://jobs.ashbyhq.com/machinify,Ashby,TRUE,,
,,Marqeta,marqeta.com,https://jobs.ashbyhq.com/marqeta,Ashby,TRUE,,
,,Marshmallow,marshmallow.com,https://jobs.ashbyhq.com/marshmallow,Ashby,TRUE,,
,,Meticulous,meticulous.ai,https://jobs.ashbyhq.com/meticulous,Ashby,TRUE,,
,,Misen,misen.com,https://jobs.ashbyhq.com/misen,Ashby,TRUE,,
,,Modal,modal.com,https://jobs.ashbyhq.com/modal,Ashby,TRUE,,
,,Modern Treasury,moderntreasury.com,https://jobs.ashbyhq.com/moderntreasury,Ashby,TRUE,,
,,Monte Carlo,montecarlodata.com,https://jobs.ashbyhq.com/montecarlodata,Ashby,TRUE,,
,,mParticle,mparticle.com,https://jobs.ashbyhq.com/mparticle,Ashby,TRUE,,
,,Multiverse,multiverse.io,https://jobs.ashbyhq.com/multiverse,Ashby,TRUE,,
,,Nango,nango.dev,https://jobs.ashbyhq.com/nango,Ashby,TRUE,,
,5,NETGEAR,netgear.com,https://jobs.ashbyhq.com/netgear,Ashby,TRUE,,
,,New Story,newstorycharity.org,https://jobs.ashbyhq.com/new-story,Ashby,TRUE,,
,,Nivoda,nivoda.net,https://jobs.ashbyhq.com/nivoda,Ashby,TRUE,,
,,Nooks,nooks.ai,https://jobs.ashbyhq.com/nooks,Ashby,TRUE,,
,,Notable,notablehealth.com,https://jobs.ashbyhq.com/notable,Ashby,TRUE,,
,,Notion,notion.so,https://jobs.ashbyhq.com/notion,Ashby,TRUE,,
,,Office Hours,officehours.com,https://jobs.ashbyhq.com/office-hours,Ashby,TRUE,,
,,Onebrief,onebrief.com,https://jobs.ashbyhq.com/onebrief,Ashby,TRUE,,
,5,OpenAI,openai.com,https://jobs.ashbyhq.com/openai,Ashby,TRUE,,
,,Panoptyc,panoptyc.com,https://jobs.ashbyhq.com/panoptyc,Ashby,TRUE,,
,,People Culture Talent,peopleculturetalent.com,https://jobs.ashbyhq.com/people-culture-talent,Ashby,TRUE,,
,,PermitFlow,permitflow.com,https://jobs.ashbyhq.com/permitflow,Ashby,TRUE,,
,,PostHog,posthog.com,https://jobs.ashbyhq.com/posthog,Ashby,TRUE,,
,,Pragma Platform,pragma.gg,https://jobs.ashbyhq.com/pragmaplatform,Ashby,TRUE,,
,,Quora,quora.com,https://jobs.ashbyhq.com/quora,Ashby,TRUE,,
,,Rad AI,radai.com,https://jobs.ashbyhq.com/radai,Ashby,TRUE,,
,,Ramp,ramp.com,https://jobs.ashbyhq.com/ramp,Ashby,TRUE,,
,,Rebuy,rebuyengine.com,https://jobs.ashbyhq.com/rebuy,Ashby,TRUE,,
,5,Reddit,reddit.com,https://jobs.ashbyhq.com/reddit,Ashby,TRUE,,
,5,Replit,replit.com,https://jobs.ashbyhq.com/replit,Ashby,TRUE,,
,,Rula,rula.com,https://jobs.ashbyhq.com/rula,Ashby,TRUE,,
,,Sanity.io,sanity.io,https://jobs.ashbyhq.com/sanity,Ashby,TRUE,,
,,Scale Army,scalearmy.com,https://jobs.ashbyhq.com/Scale%20Army%20Careers,Ashby,TRUE,,
,,Scribe,scribehow.com,https://jobs.ashbyhq.com/scribe,Ashby,TRUE,,
,5,Sequoia,sequoia.com,https://jobs.ashbyhq.com/sequoia,Ashby,TRUE,,
,,Sesame,sesame.com,https://jobs.ashbyhq.com/sesame,Ashby,TRUE,,
,5,Snowflake,snowflake.com,https://jobs.ashbyhq.com/snowflake,Ashby,TRUE,,
,,Solace,solace.com,https://jobs.ashbyhq.com/solace,Ashby,TRUE,,
,,Solana Foundation,solana.org,https://jobs.ashbyhq.com/solana%20foundation,Ashby,TRUE,,
,,Statista,statista.com,https://jobs.ashbyhq.com/statista,Ashby,TRUE,,
,,Stytch,stytch.com,https://jobs.ashbyhq.com/stytch,Ashby,TRUE,,
,,Suno,suno.ai,https://jobs.ashbyhq.com/suno,Ashby,TRUE,,
,,Supabase,supabase.com,https://jobs.ashbyhq.com/supabase,Ashby,TRUE,,
,,Superhuman,superhuman.com,https://jobs.ashbyhq.com/superhuman,Ashby,TRUE,,
,,Tacto,tacto.ai,https://jobs.ashbyhq.com/tacto,Ashby,TRUE,,
,,Talentful,talentful.com,https://jobs.ashbyhq.com/talentful,Ashby,TRUE,,
,5,Teal,https://www.tealhq.com/,https://www.tealhq.com/careers,Ashby,TRUE,,
,,The Bot Company,bot.co,https://jobs.ashbyhq.com/thebotcompany,Ashby,TRUE,,
,,The Job Sauce,thejobsauce.com,https://jobs.ashbyhq.com/The%20Job%20Sauce,Ashby,TRUE,,
,,TheyDo,theydo.com,https://jobs.ashbyhq.com/theydo,Ashby,TRUE,,
,,Trainline,trainline.com,https://jobs.ashbyhq.com/trainline,Ashby,TRUE,,
,,UiPath,uipath.com,https://jobs.ashbyhq.com/uipath,Ashby,TRUE,,
,,Vanta,vanta.com,https://jobs.ashbyhq.com/vanta,Ashby,TRUE,,
,,Verge Genomics,vergegenomics.com,https://jobs.ashbyhq.com/verge-genomics,Ashby,TRUE,,
,,Whatnot,whatnot.com,https://jobs.ashbyhq.com/whatnot,Ashby,TRUE,,
,,Worldly,worldly.io,https://jobs.ashbyhq.com/worldly,Ashby,TRUE,,
,5,Zapier,zapier.com,https://jobs.ashbyhq.com/zapier,Ashby,TRUE,,
,5,Zello,zello.com,https://jobs.ashbyhq.com/zello,Ashby,TRUE,,
,,Zencastr,zencastr.com,https://jobs.ashbyhq.com/zencastr,Ashby,TRUE,,
,,Andela,andela.com,https://jobs.ashbyhq.com/andela,Ashby,TRUE,,
,,Boomi,boomi.com,https://boomi.com/company/careers/#greenhouseapp,Ashby,TRUE,,
,,Calm,calm.com,https://www.calm.com/careers#open-roles,Ashby,TRUE,broken - HTTP 403,
,,Cedar,cedar.com,https://www.cedar.com/careers/open-roles,Ashby,TRUE,,
,5,Duolingo,duolingo.com,https://careers.duolingo.com/#careers,Ashby,TRUE,,
,,Eventual Computing,eventual.ai,https://www.eventual.ai/careers#open-positions,Ashby,TRUE,,
,,Mercury,mercury.com,https://mercury.com/jobs#job-listings,Ashby,TRUE,,
,5,Opendoor,opendoor.com,https://www.opendoor.com/careers/open-positions,Ashby,TRUE,,
,,Oyster,oysterhr.com,https://www.oysterhr.com/careers#ashby_embed,Ashby,TRUE,,
,,Retool,retool.com,https://retool.com/careers#open-positions,Ashby,TRUE,,
,,Sony Sports Businesses,sony.com,https://www.sony.com/en/SonyInfo/Careers/,Ashby,TRUE,,
,,Sovos,sovos.com,https://sovos.com/careers/current-openings-north-america/,Ashby,TRUE,,
,,Teya,teya.com,https://jobs.ashbyhq.com/teya,Ashby,TRUE,,
,,Vivante Health,vivantehealth.com,https://cylinderhealth.com/about-us/careers/#open-positions,Ashby,FALSE,,
,,Workiva,workiva.com,https://workiva.wd503.myworkdayjobs.com/careers,Workday,FALSE,,
,,Lyric,https://www.lyric.ai/,https://tbc.wd12.myworkdayjobs.com/LyricCareers,Workday,FALSE,,
,,Network Optix,https://www.networkoptix.com/,https://job-boards.greenhouse.io/networkoptix,,TRUE,,
,,Xealth,https://www.xealth.com,https://www.xealth.com/company/careers/#job-openings,,TRUE,,
,,tvscientific,https://www.tvscientific.com,https://job-boards.greenhouse.io/tvscientificpoweredbypinterest,greenhouse,TRUE,true +,
,,psiquantum,https://www.psiquantum.com/,https://www.psiquantum.com/open-roles,,TRUE,,
,,clarity,https://www.clarityschools.com,https://www.clarityschools.com/about-us#careers,,TRUE,,
,,curalinc,https://curalinc.com/,https://curalinc.com/careers,,TRUE,,
,,chilipiper,https://www.chilipiper.com/,https://www.chilipiper.com/careers,,TRUE,,
,5,discogs,https://www.discogs.com/,https://www.discogs.com/about/careers,,TRUE,,
,,radformation,https://www.radformation.com/,https://www.radformation.com/careers,,TRUE,,
,3,ezeefiber,https://ezeefiber.com/,https://ezeefiber.com/careers/,,TRUE,,
,,renewedvision,https://www.renewedvision.com,https://www.renewedvision.com/about-renewed-vision#jobs,,TRUE,,
,,thriveglobal,https://thriveglobal.com/,https://ats.rippling.com/thriveglobal/jobs,Rippling,TRUE,,
,,caredx,https://www.caredx.com/,https://www.caredx.com/careers/open-roles,greenhouse,TRUE,,healthcare
,,finvi,https://finvi.com,https://finvi.com/careers/#jobs,adp,TRUE,true +,healthcare
,,genlogs,https://www.genlogs.io/,https://ats.rippling.com/genlogs-corporation/jobs,,TRUE,true +,Transportation
,,novacredit,https://www.novacredit.com/,https://job-boards.greenhouse.io/novacredit,greenhouse,TRUE,true +,fintech
,5,Mozilla,https://www.mozilla.org/,https://www.mozilla.org/en-US/careers/listings/?location=Remote%20US,custom,TRUE,true +,IT
,3,Mechanical Licensing Collective ,https://www.themlc.com/,https://job-boards.greenhouse.io/mechanicallicensingcollective,greenhouse,TRUE,true +,
,,CroMetrics,https://crometrics.com/,https://crometrics.com/careers/#positions,greenhouse,TRUE,true +,IT
,3,8:00 AM,https://www.8am.com/,https://www.8am.com/careers/#open-positions,greenhouse,TRUE,true +,IT
,,Netskope,https://www.netskope.com,https://www.netskope.com/company/careers/open-positions,greenhouse,FALSE,,IT
,,Impiricus,https://www.impiricus.com/,https://job-boards.greenhouse.io/impiricus,greenhouse,TRUE,true +,healthcare
,4,Mcafee,https://mcafee.com,https://careers.mcafee.com/global/en/search-results,Workday,FALSE,,IT
,3,Marriott,https://www.marriott.com/,https://careers.marriott.com/jobs?filter%5Bcountry%5D%5B0%5D=United%20States&filter%5Bemployment_type%5D%5B0%5D=Full%20Time&filter%5Bis_remote%5D%5B0%5D=Yes&filter%5Bcategory%5D%5B0%5D=Information%20Technology&sort_by=external_posting_date,,FALSE,Query filter,
,,Subsplash,https://www.subsplash.com,https://job-boards.greenhouse.io/subsplash,greenhouse,TRUE,true +,IT
,4,Skylight,https://myskylight.com/,https://apply.workable.com/skylight-frame/,Workable,FALSE,,IT hardware
,,Ckeck,https://www.checkhq.com/,https://job-boards.greenhouse.io/check/,greenhouse,TRUE,true +,IT
,,Medecard,https://www.madecard.com/,https://www.madecard.com/careers,Ashby,TRUE,true +,fintech
,3,Preferred Travel Group,https://preferredtravelgroup.com/,https://workforcenow.adp.com/mascsr/default/mdf/recruitment/recruitment.html?cid=3e5659aa-96ec-4248-b32b-238111027b07&ccId=19000101_000001&type=JS&lang=en_US&selectedMenuKey=CareerCenter,ADP,FALSE,,Travel