id,company_name,match_title,position_title,match_position_url,time_found,reviewed,comment
5ec55968-b476-4d03-aaac-830a16dfe981,Halcyon,,,https://job-boards.greenhouse.io/halcyon/jobs/5808645004,2026-03-11 14:19:22,TRUE,
5654d631-65de-426a-a071-805e5f21007f,Amount,,,https://job-boards.greenhouse.io/amount/jobs/5058090007,2026-03-11 14:19:25,TRUE,Low pay
cf87ebbb-41ea-4acf-8c7d-c5e17303f106,Abridge,,,https://jobs.ashbyhq.com/abridge/fb77df82-ce6b-4459-b574-dab149aab5dd,2026-03-11 14:20:07,TRUE,San Francisco - Onsite
fe72d335-f90a-4f64-a13d-367b03ba477b,tvscientific,,,https://job-boards.greenhouse.io/tvscientificpoweredbypinterest/jobs/7655616,2026-03-11 14:20:12,TRUE,applied
9c27fcbb-555d-49ce-93e0-22f874614a08,genlogs,,,https://ats.rippling.com/genlogs-corporation/jobs/c87a734c-be73-4064-b03d-4d5986174b97,2026-03-11 14:20:47,TRUE,applied
0a440861-5acd-4b13-933f-23b57868b48f,Impiricus,,,https://job-boards.greenhouse.io/impiricus/jobs/4993696008,2026-03-11 14:20:52,TRUE,applied
bf8d0507-07ff-4e8d-8c96-985315c0efe3,NETGEAR,,,https://jobs.ashbyhq.com/netgear/f1f470c8-0edd-44f8-8f4c-34e13c0482c3,2026-03-11 17:15:10,TRUE,not in US
6af5c3d3-4e7a-426e-9479-6dcc08b1b883,8:00 AM,,,https://www.8am.com/openings?gh_jid=4661531006,2026-03-11 17:15:14,TRUE,applied
985cec7a-bb7d-453e-80e2-846387fe0ce2,Capgemini Engineering,,,https://www.capgemini.com/jobs/421807-en_US+sap_btp/,2026-03-11 17:15:19,TRUE,x
ec23150f-d635-487e-867a-ed83b1e2bb84,Codal,,,https://codal.com/capabilities/product-engineering/quality-assurance/,2026-03-11 17:38:07,TRUE,x
d7b03053-3521-4866-9fc1-ec77cfb427f5,Santa Monica Studio,,,https://sms.playstation.com/careers/qa,2026-03-11 17:39:08,TRUE,Game studio
2fba0b3d-054f-44d8-8a70-17f8ec736c57,Cognition (Devin AI),,,https://jobs.ashbyhq.com/cognition/e6f55fdf-151d-4282-a600-b92e4124732f,2026-03-11 17:39:41,TRUE,not in US
1cce0582-aa98-4b79-baff-97d4915165fb,G2i,,,https://jobs.ashbyhq.com/g2i/7beb972c-f447-4fb7-b5f7-17f6cba6327a,2026-03-11 17:39:50,TRUE,Job Search platform
e287bb21-8495-4f90-ac1c-48e2b0200a61,Solace,,,https://jobs.ashbyhq.com/solace/143e4877-547e-40b7-b96b-a70c0cf99f87,2026-03-11 17:40:19,TRUE,low pay
5c75e09b-666b-4e5a-8061-e467d6c641c5,UiPath,,,https://jobs.ashbyhq.com/uipath/dea5a292-40d1-420b-9ca6-49e12f994abe,2026-03-11 17:40:26,TRUE,not in US
00c503b8-a086-45bf-878e-038dbc61aed4,Thoughtworks,,,https://www.thoughtworks.com/en-us/careers/jobs/7423730,2026-04-10 17:25:00,TRUE,not in US
344a1ed3-26ed-4406-9c6d-d111773db50a,Thoughtworks,,,https://www.thoughtworks.com/en-us/careers/jobs/7247673,2026-04-10 17:25:00,TRUE,not in US
73b4b817-6f1f-464e-9268-aa919bd23fa0,Sweetwater,,,https://careers.sweetwater.com/us/en/job/P-101436/QA-Engineer,2026-03-12 09:09:35,TRUE,No compensation stated. relocation required. applied
35c1ecce-d0c0-4fad-851d-3ad34051dc66,Acronis,,,https://www.acronis.com/en/careers/job/r-100979/,2026-03-13 09:41:17,TRUE,not in US
dc78ab08-4077-403a-abde-8e5449d857c6,Bitwarden,,,https://bitwarden.com/careers/7578228003/,2026-03-17 19:49:40,TRUE,low pay
e7479581-d8b7-40e5-a89a-513f24e1d440,Bluebeam,,,https://careers.nemetschek.com/Bluebeam/job/Automation-Engineer/1345609555/,2026-03-17 19:49:51,TRUE,applied
f4a69d2d-bcfe-40fa-9d6d-f96338c18c8e,UiPath,,,https://jobs.ashbyhq.com/uipath/ecc2ad54-e259-4fe3-a1a7-a0acd484717e,2026-03-17 19:52:49,TRUE,not in US
3e022627-9eae-4b15-8453-88196dbbc853,Impiricus,,,https://job-boards.greenhouse.io/impiricus/jobs/5148695008,2026-03-17 22:59:12,TRUE,low pay
810d8914-4d66-4bba-8a15-0415f3119360,PayPal,,,https://paypal.eightfold.ai/careers/job/274915946453,2026-03-19 08:08:48,TRUE,applied
12555698-916c-4401-9add-59d25a7f4909,Ocient,,,https://ocient.com/job-postings/#op-684407-senior-software-qa-engineer,2026-03-19 08:09:05,TRUE,not in US
814a5f7c-3b97-4655-92ae-dfc3f3f2b418,Capgemini Engineering,,,https://www.capgemini.com/jobs/423094-en_GB+sap_btp/,2026-03-19 08:09:19,TRUE,pass
a4b5275e-4784-49e3-ac76-7a7598f75870,Fueled,,,https://job-boards.greenhouse.io/fueledcareers/jobs/5102806008,2026-03-19 13:15:02,TRUE,applied
7f4db7ff-b9bb-47ce-8823-411c742caf1d,Panasonic,,,https://careers.na.panasonic.com/jobs/44158?lang=en-us&previousLocale=en-US,2026-03-19 22:55:24,TRUE,low pay
ab5135c9-f022-4444-8944-ba1bce23aab0,Superhuman,,,https://job-boards.greenhouse.io/grammarly/jobs/7587473,2026-03-19 22:55:30,TRUE,not in US
9c0f031a-f1b5-4adc-975f-12bf4a72005f,One Study Team,,,https://job-boards.greenhouse.io/onestudyteam/jobs/5826366004,2026-03-19 22:57:07,TRUE,applied
a0859b71-0376-44cd-b879-735fb5303cdf,Sesame,,,https://jobs.ashbyhq.com/sesame/48cfb97b-6444-4513-af81-0156f9274fc3,2026-03-20 15:17:21,,
d22fc6c7-07b6-4952-87e6-89727dbf975c,Acronis,,,https://www.acronis.com/en/careers/job/r-100754/,2026-03-23 15:15:53,TRUE,not in US
c2f3cf7a-4566-4a51-8971-0df286827aaf,Natera,,,https://job-boards.greenhouse.io/natera/jobs/5786200004,2026-03-23 18:19:06,TRUE,
d5a3d297-d121-434e-bd7d-2f2695685dfa,Octave,,,https://careers.octave.com/job/Quality-Assurance-Engineer/2721-en_US,2026-03-24 08:09:02,TRUE,applied
14274d5b-3fd1-4387-9135-fbd82968c9c8,Stand Together,,,https://jobs.lever.co/standtogether/a26c0a2c-7a9b-4aaf-9591-625eaccde077,2026-03-25 08:08:56,TRUE,applied
c0d9c124-b84f-49f3-baee-fece37ed64f0,RegScale,,,https://job-boards.greenhouse.io/regscale/jobs/5083080007,2026-03-25 15:16:10,TRUE,applied
9d5be1fa-130d-44ab-b9e0-76c2b1abbb46,Group1001,,,https://group1001wd.wd5.myworkdayjobs.com/en-US/Careers/job/Remote-Location/Senior-QA-Automation-Engineer_R26_0135-1?isRemote=dc7503d8446c11de98360015c5e6daf6&workerSubType=597388e5ca171065c8c75b03194e08bb&timeType=338af4518d3d10643e3c353fb9365a7a,2026-03-26 15:16:18,TRUE,already applieed
543df7ed-023a-46d5-80ff-7b624846ebcd,Robert Half,,,https://www.roberthalf.com/us/en/job/knoxville-tn/quality-assurance-tester/03230-0013410853-usen,2026-03-30 11:12:40,TRUE,skipped
24b8576e-56dd-4ed1-b337-53e329dd31c0,Trading Technologies,,,https://tradingtechnologies.com/job/senior-automation-test-engineer-490914/,2026-03-30 11:12:45,TRUE,not in US
b52b1161-2cda-45f3-8f18-067b7c1a0c35,Backbase,,,https://www.backbase.com/careers/jobs/7774440-senior-qa-engineer,2026-04-03 11:12:03,TRUE,not in US
6f0b6703-9f33-4cb1-8e76-6ae32bc2f16e,8:00 AM,,,https://www.8am.com/openings?gh_jid=4663749006,2026-04-07 18:18:44,TRUE,not in US
b39df715-5f28-4a0e-89cf-25626365f6de,Kraken,,,https://jobs.ashbyhq.com/kraken.com/b627b786-2e16-429b-aafc-fb0ec766106b,2026-04-07 18:19:51,TRUE,not in US
d18bb257-2255-47e5-b7c8-04ec3bc0c188,Kraken,,,https://jobs.ashbyhq.com/kraken.com/4202ca2f-9c4f-4d4c-a2e4-dd78e2c5cef0,2026-04-07 18:19:51,TRUE,not a SQA
3b884499-1a95-4eb2-96c4-9faf08ada794,Avive,,,https://jobs.lever.co/AviveSolutions/9026c441-cd81-4757-8aec-14df6c403aee,2026-04-08 12:54:45,TRUE,applied
862673aa-ad58-42a8-a118-7bfd87de84ec,Netbrain,,,https://job-boards.greenhouse.io/netbrain/jobs/5075417007,2026-04-08 12:54:45,True,skipped
01afab1d-ffd9-4e7d-b3eb-0ba57a484340,Classwallet,,,https://apply.workable.com/j/2682D45937,2026-04-08 12:54:46,TRUE,applied
234ef29e-889e-4555-b650-f1a9dc20f95e,Classwallet,,,https://apply.workable.com/j/CFE3E9E010,2026-04-08 12:54:46,TRUE, not remote
5299dc72-55dc-45bf-b4dc-e0b8769b976d,Versant Media,,,https://jobs.smartrecruiters.com/Versant3/744000119132799-sr-quality-engineer,2026-04-08 12:54:48,TRUE,applied
ff41952a-d837-458f-8681-565e6ee5b07d,Onebrief,,,https://jobs.ashbyhq.com/onebrief/91e6c5c3-7552-4dcf-a06e-16cc6212efb7,2026-04-08 23:25:12,TRUE,applied
60a30728-8a12-49fa-bf79-9d3fe4c1b3ac,Natera,,,https://job-boards.greenhouse.io/natera/jobs/5848062004,2026-04-10 15:16:33,TRUE,applied
76cc4ea7-3065-427e-9159-51eeee3fe119,eyeqmonitoring,,,https://recruiting.paylocity.com/Recruiting/Jobs/Details/4074496,2026-04-13 10:31:25,TRUE,applied
60a78350-2b83-4689-8d2c-528e912a7569,Dario,,,https://www.dariohealth.com/career-position/?uid=57.866,2026-04-13 10:31:32,TRUE,applied
67d830e8-13fc-4744-8572-ac9c47123078,renewedvision,,,https://job-boards.greenhouse.io/renewedvision/jobs/4980311008,2026-04-13 10:34:06,TRUE,applied
ae12f8fc-113d-4648-a5a7-c254ecedbd94,NETGEAR,,,https://jobs.ashbyhq.com/netgear/c6e0cf92-f88f-4a6d-867c-af6bf9634da0,2026-04-14 17:57:07,TRUE,not in US
1052993c-3136-4a9c-90a9-1727f37308be,Medrio,,,https://job-boards.greenhouse.io/medrio/jobs/8468590002?gh_src=my.greenhouse.search,2026-04-14 17:57:08,TRUE,applied
0ed34df6-4dd6-495c-ac1e-324d7f6f503a,8:00 AM,,,https://www.8am.com/openings?gh_jid=4661933006,2026-04-14 17:57:12,TRUE,not in US
da93165a-e5eb-4174-b5df-11f84937dede,8:00 AM,,,https://www.8am.com/openings?gh_jid=4671142006,2026-04-14 17:57:12,TRUE,applied
bb4bf92c-dc81-431e-9aa3-73cbf9b94b62,Opendoor,Automation Lead,Finance Automation Lead,https://www.opendoor.com/careers/open-positions/jobs?gh_jid=4639044006,2026-04-14 19:31:13,TRUE,not in US
263cfd71-2a0e-4a3a-b81e-2c141b44fd0b,Panasonic,Quality Engineer,Senior Quality Engineer - Field Support,https://careers.na.panasonic.com/jobs/48446?lang=en-us&previousLocale=en-US,2026-04-14 19:31:14,TRUE,not SQA
bb4bf92c-dc81-431e-9aa3-73cbf9b94b62,Opendoor,Automation Lead,Finance Automation Lead,https://www.opendoor.com/careers/open-positions/jobs?gh_jid=4639044006,2026-04-14 19:31:13,True,not in US
263cfd71-2a0e-4a3a-b81e-2c141b44fd0b,Panasonic,Quality Engineer,Senior Quality Engineer - Field Support,https://careers.na.panasonic.com/jobs/48446?lang=en-us&previousLocale=en-US,2026-04-14 19:31:14,,
fac85bdb-fdda-48b8-91d7-571196b65cef,Panasonic,Quality Assurance,Software Quality Assurance & Process Improvement Manager,https://careers.na.panasonic.com/jobs/47928?lang=en-us&previousLocale=en-US,2026-04-14 19:31:14,,
a2ad165a-4f91-451e-988b-6c497164bed5,Acorn,QA Engineer,QA Engineer II,https://jobs.ashbyhq.com/Acorns/11056b58-9c26-4b20-875d-c53c4c017a7d,2026-04-14 19:31:17,,
725c747a-090e-4485-8d0d-c68050a4d064,OpenAI,Quality Engineer,"Component and Product Quality Engineer, Interconnects",https://jobs.ashbyhq.com/openai/2c9d0566-69b1-435e-bd8f-4eefc04dd076,2026-04-14 19:31:17,,
7de677b3-aee0-466a-b28e-ab6f60ccc5e9,OpenAI,Test Engineer,"Manufacturing Test Engineer, AI Compute Infrastructure - Stargate",https://jobs.ashbyhq.com/openai/8a950265-0527-48f8-be3c-2923d7d96940,2026-04-14 19:31:17,,
70f160ba-04e1-46af-9653-941753c24940,OpenAI,Quality Engineer,Quality Engineer - Rack Infrastructure & Site Operations - Stargate,https://jobs.ashbyhq.com/openai/fff7b15d-a1a0-441f-90f1-5efcae7f0051,2026-04-14 19:31:17,,
780964d5-f563-428c-a4e8-654da88a935a,Aembit,QA Engineer,Senior Software QA Engineer (US-Based Remote),https://aembit.bamboohr.com/careers/63,2026-04-14 19:31:22,,
fd7f7e07-6921-4c48-a82e-82e98eae58ff,Bitwarden,QA Manager,Associate QA Manager,https://bitwarden.com/careers/7640804003/,2026-04-14 19:31:24,,
86db1534-8869-4368-aa0d-98a546af6dd5,General Dynamics,Automation tester,Playwright Automation Tester,https://www.gdit.com/careers/job/b2119cb33/playwright-automation-tester/?q=qa&page=1&filterClearance=None&filterLocation=Remote,2026-04-14 19:31:25,,
5c701166-f80b-4881-8b89-1b384f72eaae,General Dynamics,Quality Analyst,Call Center Quality Analyst- Remote!!,https://www.gdit.com/careers/job/f48d15a89/call-center-quality-analyst-remote/?q=qa&page=1&filterClearance=None&filterLocation=Remote,2026-04-14 19:31:25,,
63b82709-4833-4eeb-ae64-b349bb3f3ece,Pinterest,QA Engineer,"Sr. QA Engineer, tvScientific",https://www.pinterestcareers.com/jobs/7642256/sr-qa-engineer-tvscientific/?gh_jid=7642256,2026-04-14 19:31:26,,
c291e729-d4e3-4696-aaa6-1b49a2bfa954,Eight Sleep,Test Automation Engineer,Senior Hardware Test Automation Engineer,https://jobs.ashbyhq.com/eightsleep/c280d4c4-f400-4f00-a9fd-fbc5bd5eadcb,2026-04-14 19:31:30,,
cdf7de7a-8967-44d1-bc92-525bf7427c8e,Mechanical Licensing Collective,Automation Developer,Analytics & Automation Developer,https://job-boards.greenhouse.io/mechanicallicensingcollective/jobs/7617359003,2026-04-14 19:31:30,,
4a65765f-0e7f-4f52-92da-76666e3016eb,Mechanical Licensing Collective,Test Engineer,Software Test (QA) Engineer,https://job-boards.greenhouse.io/mechanicallicensingcollective/jobs/7657799003,2026-04-14 19:31:30,,
d25404f4-53a0-43bf-91f7-87336012523d,Ocient,QA Automation Engineer,QA Automation Engineer II,https://ocient.com/job-postings/#op-689231--qa-automation-engineer-ii,2026-04-14 19:31:38,,
3efdfccf-ae87-4270-b236-4ff7219dddd6,Databricks,Automation Engineer,Network Automation Engineer,https://www.databricks.com/company/careers/infrastructure/network-automation-engineer--8459908002,2026-04-14 19:31:41,,
2680d41f-15e2-4744-a495-15c005309d5c,Databricks,Automation Engineer,Sr. IT Systems/Automation Engineer,https://www.databricks.com/company/careers/infrastructure/sr-it-systems-automation-engineer-8463169002,2026-04-14 19:31:41,,
d52e32f9-5d58-4094-9f29-fdbdc2d48712,540,Test Automation Engineer,Test Automation Engineer (Contract),https://job-boards.greenhouse.io/540/jobs/7670890003,2026-04-14 19:31:42,,
eb96efc0-e759-4c36-a4e6-4c050ffa435d,SmithRX,QA Analyst,Senior Benefits QA Analyst,https://job-boards.greenhouse.io/smithrx/jobs/8384225002,2026-04-14 19:31:44,,
4582e0aa-707f-441d-bf7a-7bdb93bd19e2,SmithRX,Quality Assurance,Clinical Review Quality Assurance Pharmacist,https://job-boards.greenhouse.io/smithrx/jobs/8493245002,2026-04-14 19:31:44,,
b896eecc-6759-4e94-b890-f5b8fe266154,Gallagher,Automation Lead,Quality Automation Lead - Contract to Hire,https://jobs.ajg.com/ajg-home/jobs/50399?lang=en-us&previousLocale=en-US,2026-04-14 19:31:45,,
38938dc8-1028-40d1-9493-a68dd60f364a,Netbrain,Automation Engineer,Network Automation Engineer,https://job-boards.greenhouse.io/netbrain/jobs/5090546007,2026-04-14 19:31:46,,
c7981d12-5758-4974-994c-89b99a832b84,Netbrain,Automation Engineer,"Network Automation Engineer, NA Services Team",https://job-boards.greenhouse.io/netbrain/jobs/5075898007,2026-04-14 19:31:46,,
986ecda4-6d56-4e74-97aa-e9e7383f75a1,Netbrain,Automation Engineer,"Network Automation Engineer, Customer Journey Team",https://job-boards.greenhouse.io/netbrain/jobs/5077278007,2026-04-14 19:31:46,,
b07281bc-ef1a-4752-b74a-b712568697d6,Netbrain,Quality Assurance,Quality Assurance Engineer,https://job-boards.greenhouse.io/netbrain/jobs/5098500007,2026-04-14 19:31:46,,
d38791d4-08c0-4152-bc93-cac5513f99b8,Glydways,Test Lead,System Test Lead,https://job-boards.greenhouse.io/glydways/jobs/5092548007,2026-04-14 19:31:47,,
6694fdb9-8c9d-4c1a-a64f-64fff5020d0a,Avive,Test Engineer,Embedded Test Engineer,https://jobs.lever.co/AviveSolutions/bd7b1d58-8d92-4b32-bddc-b3248a9a6819,2026-04-14 19:31:47,,
d6c890ff-ee91-4051-87f3-9616804e1664,Avive,Test Automation Engineer,Lead Test Automation Engineer,https://jobs.lever.co/AviveSolutions/c62863a3-c286-462a-ba95-654f8b718c01,2026-04-14 19:31:47,,
b39828ee-48f4-413c-85de-ba6d06a60f21,Classwallet,Quality Assurance,Data Quality Assurance Engineer,https://apply.workable.com/j/53C02A7983,2026-04-14 19:31:48,,
37d9cf51-bd88-4d09-94f4-2f9d1cb8fec0,Versant Media,Quality Engineer,Quality Engineer II - Fandango,https://jobs.smartrecruiters.com/Versant3/744000118452707-quality-engineer-ii-fandango,2026-04-14 19:31:49,,
838036ed-6521-4abf-84da-f92aa87eb0b8,Versant Media,Quality Engineer,Quality Engineer II - Fandango,https://jobs.smartrecruiters.com/Versant3/744000120807477-quality-engineer-ii-fandango,2026-04-14 19:31:49,,
1837d787-712c-40dc-824a-e3c7938a776d,Knowbe4,QA Lead,Automated Testing/QA Lead - SaaS Ecosystem (Remote),https://job-boards.greenhouse.io/knowbe4/jobs/8402290002,2026-04-14 19:31:49,,
16f97ff6-b6d3-40ad-b058-f8d3087746e5,Knowbe4,QA Engineer,QA Engineer (MIS) (Remote)New,https://job-boards.greenhouse.io/knowbe4/jobs/8500816002,2026-04-14 19:31:49,,
fc667a46-9a62-4566-9367-7af37dab11b7,Otter AI,Test Engineer,"Senior Automation Test Engineer, Web",https://otter.ai/job-detail?gh_jid=7001892003&gh_src=null,2026-04-14 19:31:50,,
bdf3510e-3085-4cfa-83ff-23eb3955831b,Torc,Test Engineer,Sr. System Test Engineer - Vehicle TestingNew,https://job-boards.greenhouse.io/torcrobotics/jobs/8471719002,2026-04-14 19:31:51,,
7f2119e6-6394-465e-aa2e-b1a18c880547,Capital Technology Group,Test Engineer,Quality/Test Engineer,https://boards.greenhouse.io/capitaltg/jobs/5108018007?gh_jid=5108018007,2026-04-14 19:31:51,,
c489387b-0c76-429c-a91e-18d44c035ce1,Lynx,Quality Assurance,Software Quality Assurance Engineer – DO178,https://ats.rippling.com/lynx-software-technologies/jobs/e098ea34-ee3e-4941-9f4b-ae8627175784,2026-04-14 19:31:52,,
f79628d0-cd12-433e-8668-4a062d56da79,Stand Together,Software Development Engineer in Test,Lead Software Development Engineer in Test (SDET),https://jobs.lever.co/standtogether/6b4bc05b-e759-4d95-bf12-98a7e1fba7bf,2026-04-14 19:31:57,,
89a04a10-6dec-456f-8281-9f6d54e022b8,Acronis,QA Engineer,QA Engineer - PSA,https://www.acronis.com/en/careers/job/r-101028/,2026-04-14 19:32:05,,
3e6130a1-6d5e-4866-afd7-a6ed4e99dd36,CoreLogic,Quality Assurance,Validate™Claims quality assurance software,https://www.corelogic.com/products/claims-validate,2026-04-14 19:32:07,,
d417fc3c-b63f-4e07-af67-866ec46c008e,Equitable Bank,Quality Engineer,Senior Quality Engineer - Accounts Pod,https://jobs.lever.co/eqbank/f9f930b8-3308-42c0-b01f-b027b68267a5,2026-04-14 19:32:11,,
b842fd04-5b76-4d8f-83e8-1d2e1b49790f,Equitable Bank,Quality Engineer,Senior Quality Engineer - Enablement Pod,https://jobs.lever.co/eqbank/7f396304-2268-4f5f-8654-d484bcf8536a,2026-04-14 19:32:11,,
169aaf72-c429-40ab-b0b7-88e327828217,Encora Inc.,Quality Assurance,AI-enabled Quality Assurance as a Service,https://www.encora.com/services/qaaas,2026-04-14 19:32:13,,
dcd558d6-47b3-4df3-b0eb-5b18c2336da3,KUBRA,QA Engineer,Senior QA Engineer (Cypress Automation),https://jobs.lever.co/kubra/925ad904-8f88-4640-a8aa-0a5c4c61f35f,2026-04-14 19:32:21,,
2be75c77-8cbd-4180-9074-b775ca515ce5,Loadmill,Automation Engineer,Senior iOS Simulator Automation Engineer,https://saucelabs.com/company/careers/7722290,2026-04-14 19:32:25,,
e3632889-e868-4dc0-bae2-66233e39bc7a,LogicMonitor,SDET,"Quality Assurance / SDET Engineer, GenAI/AI Platform",https://www.logicmonitor.com/career/?gh_jid=7593528,2026-04-14 19:32:28,,
77f5b686-29a8-40c4-a95b-52b53f51699b,LogicMonitor,QA Engineer,"Sr. QA Engineer(SDET-Java), GenAI/AI Platform",https://www.logicmonitor.com/career/?gh_jid=7593520,2026-04-14 19:32:28,,
f3825b15-7fdc-42e0-987f-11ba7e55e6d9,Riot Games,QA Engineer,QA Engineer - Unpublished R&D Product (Contract),https://www.riotgames.com/en/j/7786014,2026-04-14 19:32:33,,
31d417bd-3e85-43bc-bb7d-01c6c58e96bb,Riot Games,QA Engineer,Senior QA Engineer - Unpublished R&D Product,https://www.riotgames.com/en/j/7115147,2026-04-14 19:32:33,,
95790b33-9b80-4c06-be68-26c98e834e96,Riot Games,QA Engineer,"Senior QA Engineer, Compliance & Release - Wild Rift",https://www.riotgames.com/en/j/7648959,2026-04-14 19:32:33,,
53ae15d4-60b6-4864-938c-24994f1cb712,Teachers Pay Teachers,QA Analyst,Associate QA Analyst,https://www.teacherspayteachers.com/company/jobs?gh_jid=8343033002,2026-04-14 19:32:40,,
f57c80a0-ffb9-4d1a-9198-e27d555d95e2,Teachers Pay Teachers,QA Analyst,"QA Analyst, UI and Front End",https://www.teacherspayteachers.com/company/jobs?gh_jid=8343035002,2026-04-14 19:32:40,,
d1868a90-c762-4fba-bf0e-96755a24d411,Thoughtworks,Quality Analyst,Lead Quality Analyst,https://www.thoughtworks.com/en-us/careers/jobs/7652700,2026-04-14 19:32:42,,
773905e9-b80c-4ffa-91f6-92b86f4c3cd9,Abridge,Automation Engineer,Staff IT Automation Engineer,https://jobs.ashbyhq.com/abridge/0f56d01f-813d-4f1f-ad98-0b1213081660,2026-04-14 19:32:44,,
0277efc6-4483-46a5-b641-d3bd9938af2c,Hopper,Automation Engineer,IT Operations Automation Engineer (100% Remote - Canada),https://jobs.ashbyhq.com/hopper/f7a516d9-94c5-4ff4-87ac-e094767221b0,2026-04-14 19:32:53,,
540491c9-d7ba-42e8-a9c6-bcabaa958ac9,Hopper,Automation Engineer,IT Operations Automation Engineer (100% Remote - Ireland),https://jobs.ashbyhq.com/hopper/3ab612d8-99a1-4f60-b14a-b9ab2e0819c4,2026-04-14 19:32:53,,
7a1ee162-3852-419b-8ca7-d7b33c628ba9,Hopper,Automation Engineer,IT Operations Automation Engineer (100% Remote - Spain),https://jobs.ashbyhq.com/hopper/9c31320d-0285-4582-93b8-6da5095a0960,2026-04-14 19:32:53,,
c69c4a7c-1c6f-41fe-83ed-cca5a19fa42e,Hopper,Automation Engineer,IT Operations Automation Engineer (100% Remote - UK),https://jobs.ashbyhq.com/hopper/0f5526ac-4e5f-4e7c-b58f-f2f0fcbe1a6e,2026-04-14 19:32:53,,
7a21167c-66ba-4983-98ba-68c9a00fb715,Hopper,Automation Engineer,IT Operations Automation Engineer (100% Remote - USA),https://jobs.ashbyhq.com/hopper/a7f8d9c5-5835-4d88-8c92-6cc2d78e6633,2026-04-14 19:32:53,,
1e491e67-3569-4a0b-8a5b-a4b264840de6,Hopper,Automation Engineer,IT Operations Automation Engineer (100% Remote - USA),https://jobs.ashbyhq.com/hopper/ee099c84-f217-4819-bee6-ee20c79a5234,2026-04-14 19:32:53,,
e0c077d6-a676-4227-9817-dd7d062b7dd1,Leapsome,Software Development Engineer in Test,Senior Test Automation Engineer/Software Development Engineer in Test (d/f/m),https://jobs.ashbyhq.com/leapsome/7c8ed344-0f65-4196-a3a3-1dd693589a5d,2026-04-14 19:32:55,,
31383d3e-e5bc-4eab-af4a-b0eb2f0111d7,Juniper Square,QA Automation Engineer,QA Automation Engineer II,https://jobs.ashbyhq.com/junipersquare/f59291cf-97f9-46b9-8034-aac7293544eb,2026-04-14 19:32:56,,
11c4b027-8027-4914-b9b5-de2d6ca387f4,Kraken,QA Automation Engineer,Sr. QA Automation Engineer - Pro,https://jobs.ashbyhq.com/kraken.com/355a8c6d-97da-464f-bcf4-91f01aaf7b40,2026-04-14 19:32:58,,
e76eab30-38d9-4bd1-8cc9-4be970f36e4c,Machinify,Automation Engineer,"Staff Automation Engineer, QA",https://job-boards.greenhouse.io/machinifyinc/jobs/4111848009,2026-04-14 19:32:58,,
b3927fdb-662d-423f-992f-8b3354edde89,Onebrief,Software Tester,"Game Software Tester, Battle Road",https://jobs.ashbyhq.com/onebrief/67d902d6-c8a0-47a9-b1aa-49e05d1d5d60,2026-04-14 19:33:01,,
613f1513-6812-4ce5-b91b-a138f1c62357,Sesame,Test Engineer,"Test Engineer, Manufacturing",https://jobs.ashbyhq.com/sesame/eee561a4-2470-4da5-a514-9bc0e46a15de,2026-04-14 19:33:05,,
ad68e7ca-b358-41f4-8d95-74728103ba1d,UiPath,Automation Developer,Senior Automation Developer,https://jobs.ashbyhq.com/uipath/82424607-a84c-4165-9a1c-8787537895c0,2026-04-14 19:33:09,,
3d5e7577-ca76-4ef6-898a-93cafa371968,Vanta,Quality Engineer,Salesforce Quality Engineer,https://jobs.ashbyhq.com/vanta/b9e2eb5b-5944-4843-9a61-b832013cc795,2026-04-14 19:33:11,,
65509982-8615-4950-905a-0d04e5eb29ee,Network Optix,Test Automation Engineer,"Senior Test Automation Engineer, Python",https://job-boards.greenhouse.io/networkoptix/jobs/5068088007,2026-04-14 19:33:12,,
709902cc-22be-405f-ae94-f4e264ef7867,renewedvision,Quality Assurance,Quality Assurance Engineer - Broadcast/Systems,https://job-boards.greenhouse.io/renewedvision/jobs/5060605008,2026-04-14 19:33:17,,
92232dc1-87ac-47b5-993f-cabfd01dc068,radformation,Quality Assurance,AutoContour Quality Assurance Manager,https://jobs.lever.co/radformation/d3a19340-9878-47ce-8f45-745d90b988fc,2026-04-14 19:33:17,,
d5667833-c9fa-4936-b7e2-9fe1cff4080f,radformation,Quality Assurance,ClearCheck Quality Assurance Manager,https://jobs.lever.co/radformation/b1fcf0c9-09a6-4d00-a9c2-bb622ba2bc0b,2026-04-14 19:33:17,,
ab49c35b-5a4a-4c20-8094-1a16f755300d,novacredit,QA Engineer,QA Engineer - Fixed Term (With Expected Conversion to Permanent),https://job-boards.greenhouse.io/novacredit/jobs/4119600009,2026-04-14 19:33:18,,
db8fd06d-23a2-4816-b07a-735437b0c4a8,Subsplash,Software Development Engineer in Test,Software Development Engineer in Test III,https://job-boards.greenhouse.io/subsplash/jobs/8447432002,2026-04-14 19:33:19,,
6feb0b1f-d941-475b-a51e-36e6b3e4e015,Boomi,Senior Software Quality Engineer,Senior Software Quality Engineer - AI,https://boomi.com/boomi-jobs/?gh_jid=5786913004,2026-04-14 19:33:20,,
67d69bc8-5101-41f8-aa06-ba8d8d93c4c8,Boomi,Software Quality Engineer,Software Quality Engineer - AI,https://boomi.com/boomi-jobs/?gh_jid=5789831004,2026-04-14 19:33:20,,
2f39329a-3ccd-410c-bdbb-baeb70a81494,Engineered Intelligence,QA Specialist,Senior Software QA Specialist,https://engineeredintel.bamboohr.com/careers/67,2026-04-14 19:33:21,,
